{"cameraMode":{"drawMode":0,"name":"Shaded","section":"Shading Mode"},"sceneLighting":true,"audioPlay":false,"sceneViewState":{"showFog":true,"showMaterialUpdate":true,"showSkybox":true,"showFlares":true,"showImageEffects":true,"showParticleSystems":true},"in2DMode":false,"pivot":{"x":36.751766204833987,"y":-61.90998840332031,"z":8.249671936035157},"rotation":{"x":0.40813273191452029,"y":-0.36824527382850649,"z":0.18446767330169679,"w":0.8147359490394592},"size":215.85858154296876,"orthographic":false}